id,name,bartender_license
1,Caron Bentall,017Y-33ER-126J
2,Yolande Zambon,199K-52YS-623B
3,Lyndell Clayfield,286I-97ZA-319Y
4,Roanne Malby,289H-38ZK-3077
5,Kalvin Golley,364F-20EB-368J
6,Northrop Sacaze,437P-74IJ-177X
7,Constanta Errey,398W-89WB-470X
8,Roxy Bedin,054N-125S-065O
9,Den Strethill,570P-459V-4654
10,Reinhard Elster,713I-12KX-7746
11,Dusty Towell,523H-164F-245J
12,Rozanna Lawday,066O-11ZL-761A
13,Janessa Kennon,986D-12EK-878N
14,Arny Portriss,965C-22CR-019R
15,Pall Abbay,229V-546R-863C
16,Sibelle Hemphall,135V-49GL-661A
17,Jeffy Girk,314L-83IP-805M
18,Gib Popov,529K-19PM-8398
19,Maridel Quan,589T-55AS-7985
20,Shari Juster,218Z-40KA-6095
21,Baillie Dragge,220O-200Q-0810
22,Glenden Weepers,326G-80VM-0803
23,Bone Rakestraw,557W-543D-529K
24,Eddie Vasler,896R-96NN-8135
25,Dorrie Hammer,542H-884L-739Q
