drinker,item
Merline,Mil's Best Ice
Merline,High Life
Merline,Busch
Merline,Cream Soda
Merline,Coke
Merline,Mountain Dew
Merline,Deep Dish Pizza Pie
Herve,Miller Lite
Herve,Mil's Best Ice
Herve,Guinness
Herve,Fanta (Orange)
Herve,Chicken Fajita
Herve,Deep Dish Pizza Pie
Salome,Guinness
Salome,Root Beer
Salome,Dr. Pepper
Salome,Fanta (Orange)
Salome,Bagel and Lox
Salome,Fajita 
Salome,Chips and Salsa
Ophelie,Busch
Ophelie,Miller Lite
Ophelie,Heineken 
Ophelie,Michelob Ultra
Ophelie,Fanta (Orange)
Ophelie,Cream Soda
Basil,Yuengling Lager
Basil,Natural Ice
Jorey,High Life
Jorey,Coors Light
Jorey,Bud Ice
Jorey,Corona Extra
Maxine,Corona Extra
Maxine,Keystone Light
Maxine,Mil's Best Ice
Maxine,Heineken 
Maxine,Pepsi
Maxine,Turkey Sandwich 
Maxine,Hamburger
Maxine,Fajita 
Simon,Blue Ribbon
Simon,Bud Ice
Simon,Busch
Simon,Blue Moon
Simon,Natural Ice
Abran,Pink Lemonade
Abran,Cream Soda
Abran,French Fries
Abran,Tacos 
Abran,Onion Rings
Abran,Apple Pie
Missie,Miller Lite
Missie,Blue Moon
Missie,Pink Lemonade
Missie,Root Beer
Missie,Fanta (Grape)
Missie,Chicken Fajita
Missie,Cajun Fries
Missie,Deep Dish Pizza Pie
Druci,Dos Equis 
Druci,Budweiser
Druci,Coors Light
Druci,Stella Artois
Druci,Fanta (Grape)
Olenka,Budweiser
Olenka,Fanta (Orange)
Olenka,Fanta (Grape)
Olenka,Deep Dish Pizza Pie
Benjamen,Yuengling Lager
Benjamen,Blue Ribbon
Benjamen,Dos Equis 
Benjamen,Mil's Best Ice
Benjamen,Natural Ice
Benjamen,Fanta (Grape)
Benjamen,Mountain Dew
Benjamen,French Fries
Benjamen,Hamburger
Hanson,Coors Banquet
Hanson,Coronoa Light
Hanson,Corona Extra
Hanson,Sprite
Hanson,Mountain Dew
Hanson,Bagel and Lox
Hanson,Hamburger
Hanson,Chicken Burger
Nanni,Budweiser
Nanni,Busch Light
Nanni,Coronoa Light
Nanni,Pepsi
Nanni,Hamburger
Nanni,Chicken Burger
Nanni,Drop Biscuits 
Pepi,Coors Light
Pepi,Corona Extra
Pepi,Steel Reserve
Pepi,Busch Light
Pepi,Coors Banquet
Pepi,Fanta (Grape)
Pepi,Sprite
Pepi,Mozzarella Sticks
Pepi,Tacos 
Pepi,Chips and Salsa
Lani,Miller Lite
Lani,Keystone Light
Lani,Stella Artois
Lani,Cream Soda
Georgiana,Fanta (Grape)
Georgiana,Turkey Sandwich 
Georgiana,Texas BBQ
Georgiana,Chips and Salsa
Georgiana,Tacos 
Melony,Coronoa Light
Melony,Yuengling Lager
Melony,Busch
Melony,Cream Soda
Melony,Fajita 
Melony,Texas BBQ
Melony,Deep Dish Pizza (Slice)
Merrill,Cream Soda
Merrill,Sprite
Virginie,Blue Ribbon
Virginie,Busch Light
Virginie,Keystone Light
Virginie,Bud Light
Theo,Coors Banquet
Theo,Budweiser
Theo,Keystone Light
Theo,Coronoa Light
Theo,Cream Soda
Theo,Mountain Dew
Theo,Texas BBQ
Theo,French Fries
Theo,Clam Chowder
Marian,Miller Lite
Marian,Busch
Marian,Fanta (Grape)
Marian,Sprite
Tatiana,Bud Light
Tatiana,Michelob Ultra
Tatiana,Sprite
Tatiana,Pink Lemonade
Tatiana,Apple Pie
Tatiana,French Fries
Sollie,Yuengling Lager
Sollie,Root Beer
Sollie,Dr. Pepper
Sollie,Bagel and Lox
Sollie,Bean Burger
Sollie,Hominy Grits
Sollie,Apple Pie
Orson,Steel Reserve
Orson,Bud Light
Orson,Budweiser
Orson,Fanta (Grape)
Orson,Cream Soda
Orson,Root Beer
Orson,Drop Biscuits 
Orson,Deep Dish Pizza (Slice)
Orson,Bagel and Lox
Orson,Onion Rings
Constantino,Budweiser
Constantino,Pepsi
Constantino,Bean Burger
Emmalee,Coke
Emmalee,Deep Dish Pizza (Slice)
Emmalee,Chicken Burger
Bryana,Corona Extra
Bryana,Pepsi
Bryana,Cream Soda
Bryana,Mountain Dew
Bryana,Chips and Salsa
Bryana,Deep Dish Pizza Pie
Bryana,Bean Burger
Philip,Guinness
Philip,Coronoa Light
Philip,Fanta (Orange)
Ibby,Natural Ice
Ibby,Mountain Dew
Ibby,Deep Dish Pizza (Slice)
Ibby,Mozzarella Sticks
Ibby,Hominy Grits
Jorge,Modelo Especial
Jorge,Michelob Ultra
Jorge,Root Beer
Jorge,Fanta (Grape)
Jorge,Coke
Jorge,Chips and Salsa
Jorge,Chicken Burger
Jorge,Chicken Fajita
Jorge,Drop Biscuits 
Garv,Fanta (Orange)
Garv,Tacos 
Garv,Bean Burger
Antonius,Blue Moon
Antonius,Miller Lite
Antonius,Keystone Light
Antonius,Fanta (Orange)
Even,Natural Light
Even,Coors Light
Even,Modelo Especial
Even,Dr. Pepper
Even,Fanta (Grape)
Even,Chicken Fajita
Even,Fajita 
Brendis,Fanta (Orange)
Brendis,Onion Rings
Brendis,French Fries
Brendis,Cajun Fries
Paulita,Bud Ice
Paulita,Yuengling Lager
Paulita,High Life
Paulita,Dos Equis 
Paulita,Tacos 
Paulita,Mozzarella Sticks
Paulita,Bean Burger
Ulrick,Keystone Light
Ulrick,Mountain Dew
Ulrick,Chicken Burger
Piotr,High Life
Piotr,Bud Light
Piotr,Root Beer
Piotr,Fajita 
Piotr,Hominy Grits
Calida,Michelob Ultra
Calida,Corona Extra
Calida,High Life
Calida,Coors Banquet
Calida,Sprite
Calida,Onion Rings
Calida,Hominy Grits
Calida,Cajun Fries
Ciel,Coors Light
Ciel,Blue Ribbon
Ciel,Miller Lite
Ciel,Fanta (Grape)
Ciel,Hominy Grits
Ciel,Onion Rings
Ciel,Apple Pie
Bertrando,Blue Ribbon
Bertrando,Busch Light
Bertrando,Fanta (Grape)
Anette,Guinness
Anette,Blue Moon
Anette,Pepsi
Anette,Mozzarella Sticks
Arluene,Natural Light
Arluene,Busch Light
Arluene,Bud Ice
Arluene,Yuengling Lager
Arluene,Modelo Especial
Arluene,Pink Lemonade
Arluene,Chips and Salsa
Arluene,Texas BBQ
Arluene,Chicken Burger
Homer,Stella Artois
Homer,Pink Lemonade
Homer,Pepsi
Homer,Hamburger
Bebe,Bud Light
Bebe,Keystone Light
Bebe,Fanta (Grape)
Bebe,Sprite
Bebe,Chicken Fajita
Bebe,Clam Chowder
Monika,Steel Reserve
Monika,Corona Extra
Monika,Blue Ribbon
Monika,Pepsi
Monika,Fanta (Grape)
Monika,Chicken Burger
Monika,Tacos 
Beaufort,Mountain Dew
Beaufort,Cream Soda
Beaufort,Clam Chowder
Angus,Mil's Best Ice
Angus,Corona Extra
Angus,Busch
Angus,Budweiser
Angus,Keystone Light
Angus,Sprite
Angus,Pepsi
Rasla,Mil's Best Ice
Rasla,High Life
Rasla,Busch
Rasla,Pepsi
Rasla,Root Beer
Lynn,Modelo Especial
Lynn,Heineken 
Lynn,Keystone Light
Lynn,Coors Light
Lynn,Coke
Lynn,Hominy Grits
Lynn,French Fries
Merwyn,Stella Artois
Merwyn,Modelo Especial
Merwyn,Steel Reserve
Merwyn,Busch
Merwyn,Sprite
Merwyn,Fanta (Orange)
Merwyn,Drop Biscuits 
Merwyn,Clam Chowder
Ellwood,Guinness
Ellwood,Busch Light
Ellwood,Budweiser
Ellwood,Miller Lite
Ellwood,Mountain Dew
Ellwood,Dr. Pepper
Ellwood,Coke
Ellwood,Texas BBQ
Ellwood,Bean Burger
Greer,Steel Reserve
Greer,Natural Ice
Greer,French Fries
Greer,Mozzarella Sticks
Greer,Chicken Fajita
Greer,Fajita 
Morty,Modelo Especial
Morty,Stella Artois
Morty,High Life
Morty,Miller Lite
Vanni,Cream Soda
Vanni,Dr. Pepper
Vanni,Hamburger
Vanni,Apple Pie
Vanni,French Fries
Vanni,Chips and Salsa
Benjamen,Busch Light
Benjamen,Root Beer
Benjamen,Coke
Benjamen,Apple Pie
Debi,Blue Moon
Debi,Icehouse
Debi,Keystone Light
Debi,Coors Banquet
Debi,Coke
Debi,Texas BBQ
Debi,Fajita 
Loutitia,Drop Biscuits 
Velma,Hominy Grits
Velma,Texas BBQ
Velma,Clam Chowder
Aguste,Mil's Best Ice
Aguste,Natural Light
Carlene,Budweiser
Carlene,Bud Ice
Carlene,Heineken 
Carlene,Blue Moon
Carlene,Blue Ribbon
Carlene,Fanta (Grape)
Carlene,French Fries
Carlene,Hominy Grits
Carlene,Deep Dish Pizza Pie
Lionello,Modelo Especial
Lionello,Stella Artois
Lionello,Dos Equis 
Lionello,Mil's Best Ice
Lionello,Fanta (Grape)
Lionello,Cream Soda
Lionello,Hamburger
Mathian,Mil's Best Ice
Mathian,Root Beer
Mathian,Pink Lemonade
Mathian,Texas BBQ
Mathian,Deep Dish Pizza (Slice)
Mathian,Deep Dish Pizza Pie
Mathian,Chicken Fajita
Maris,Natural Light
Maris,Blue Ribbon
Maris,Bean Burger
Maris,Apple Pie
Maris,Turkey Sandwich 
Evey,Bud Ice
Evey,Pepsi
Evey,Mountain Dew
Evey,Cream Soda
Evey,Onion Rings
Evey,Hamburger
Salomon,Miller Lite
Salomon,Heineken 
Salomon,Root Beer
Salomon,Fanta (Grape)
Salomon,Turkey Sandwich 
Salomon,Apple Pie
Renae,Fanta (Grape)
Renae,Pink Lemonade
Renae,Chicken Fajita
Renae,Chips and Salsa
Rich,Yuengling Lager
Rich,Guinness
Rich,Coke
Rich,Cream Soda
Dari,Bud Light
Dari,Steel Reserve
Dari,Corona Extra
Dari,Bud Ice
Dari,Coke
Dari,Texas BBQ
Dari,Deep Dish Pizza Pie
Dari,Onion Rings
Dari,Bagel and Lox
Bail,Keystone Light
Bail,High Life
Bail,Busch
Bail,Blue Ribbon
Bail,Cream Soda
Bail,Tacos 
Bail,Chicken Burger
Chip,Blue Ribbon
Chip,Drop Biscuits 
Norma,Dos Equis 
Norma,Sprite
Norma,Fanta (Orange)
Norma,Fanta (Grape)
Norma,Chips and Salsa
Norma,Texas BBQ
Norma,French Fries
Norma,Apple Pie
Nanny,Miller Lite
Nanny,Coke
Nanny,Pink Lemonade
Nanny,Mountain Dew
Nanny,Texas BBQ
Nanny,Fajita 
Nanny,Chicken Burger
Nanny,Apple Pie
Blanche,Texas BBQ
Todd,Budweiser
Todd,Pepsi
Todd,Pink Lemonade
Todd,Tacos 
Todd,Chicken Fajita
Todd,Turkey Sandwich 
Todd,Onion Rings
Yehudit,Busch
Yehudit,Sprite
Yehudit,Deep Dish Pizza Pie
Yehudit,Bean Burger
Yehudit,French Fries
Hodge,Cream Soda
Hodge,Fanta (Grape)
Hodge,Pink Lemonade
Hodge,Deep Dish Pizza (Slice)
Hodge,Hamburger
Hodge,Texas BBQ
Vasilis,Busch
Vasilis,Corona Extra
Vasilis,Yuengling Lager
Vasilis,Blue Moon
Vasilis,Icehouse
Vasilis,Mountain Dew
Vasilis,Cream Soda
Vasilis,Fanta (Grape)
Vasilis,Hamburger
Vasilis,Turkey Sandwich 
Boote,Coors Light
Boote,Cream Soda
Boote,Fanta (Grape)
Nolly,Mil's Best Ice
Nolly,Fanta (Orange)
Nolly,Mountain Dew
Nolly,Pepsi
Jennifer,High Life
Jennifer,Fanta (Orange)
Jennifer,Chicken Fajita
Jennifer,Chips and Salsa
Thekla,Natural Ice
Thekla,High Life
Thekla,Guinness
Thekla,Mil's Best Ice
Thekla,Heineken 
Thekla,Root Beer
Thekla,Pepsi
Amelie,Bud Light
Amelie,Blue Moon
Amelie,Coors Banquet
Amelie,Dr. Pepper
Amelie,Fanta (Orange)
Amelie,Pepsi
Amelie,Drop Biscuits 
Amelie,Turkey Sandwich 
Isabel,Mil's Best Ice
Isabel,Bagel and Lox
Isabel,Tacos 
Elayne,Fanta (Orange)
Elayne,Pink Lemonade
Elayne,French Fries
Julienne,Modelo Especial
Julienne,Coors Light
Julienne,Natural Ice
Julienne,Icehouse
Julienne,Yuengling Lager
Julienne,Root Beer
Julienne,Coke
Julienne,Cream Soda
Carmella,Modelo Especial
Carmella,Budweiser
Carmella,High Life
Carmella,Dos Equis 
Carmella,Chicken Burger
Lorrin,Blue Ribbon
Lorrin,Chicken Burger
Billie,Heineken 
Billie,Dos Equis 
Billie,Cream Soda
Billie,Fanta (Orange)
Billie,Hamburger
Billie,Onion Rings
Borg,Blue Ribbon
Borg,Blue Moon
Borg,Michelob Ultra
Borg,Yuengling Lager
Borg,Mountain Dew
Borg,Hominy Grits
Brod,Busch Light
Brod,Natural Ice
Brod,Dos Equis 
Brod,Coronoa Light
Brod,Mountain Dew
Brod,Turkey Sandwich 
Brod,French Fries
Brod,Chicken Burger
Aurore,Busch
Aurore,Steel Reserve
Aurore,Coke
Aurore,Apple Pie
Aurore,Tacos 
Aurore,Onion Rings
Aurore,Deep Dish Pizza (Slice)
Osbourne,Pepsi
Gwenore,Fanta (Grape)
Gwenore,Root Beer
Gwenore,Cream Soda
Jefferson,Coors Banquet
Jefferson,Busch Light
Jefferson,Pink Lemonade
Jefferson,Mozzarella Sticks
Ketti,Pink Lemonade
Ketti,Sprite
Ketti,Onion Rings
Dolorita,Corona Extra
Dolorita,Bud Ice
Dolorita,Coke
Dolorita,Cream Soda
Dolorita,Deep Dish Pizza Pie
Dolorita,Chips and Salsa
Patrice,Chicken Fajita
Patrice,Texas BBQ
Karlotta,Corona Extra
Karlotta,Chips and Salsa
Karlotta,Fajita 
Eryn,Dr. Pepper
Eryn,French Fries
Cleveland,Keystone Light
Cleveland,Busch Light
Cleveland,High Life
Cleveland,French Fries
Cleveland,Drop Biscuits 
Linda,Michelob Ultra
Linda,High Life
Linda,Mountain Dew
Linda,Sprite
Linda,Tacos 
Linda,Chicken Fajita
Linus,Miller Lite
Linus,Busch Light
Linus,Michelob Ultra
Linus,Cream Soda
Ted,Heineken 
Ted,Modelo Especial
Ted,Mil's Best Ice
Ted,Coors Banquet
Ted,Stella Artois
Ted,Pepsi
Ted,Pink Lemonade
Ted,Deep Dish Pizza Pie
Ted,Onion Rings
Andonis,Budweiser
Andonis,Michelob Ultra
Andonis,Dos Equis 
Andonis,Coke
Andonis,Mountain Dew
Andonis,Bean Burger
Andonis,Hamburger
Andonis,Chicken Fajita
Alick,Stella Artois
Alick,Modelo Especial
Alick,Yuengling Lager
Alick,Fanta (Orange)
Alick,Hamburger
Alick,Tacos 
Alick,Cajun Fries
Alick,Onion Rings
Cyndi,Busch Light
Cyndi,Miller Lite
Cyndi,Mil's Best Ice
Cyndi,Hominy Grits
Cyndi,Mozzarella Sticks
Leonelle,Coors Light
Leonelle,Michelob Ultra
Leonelle,Fanta (Orange)
Leonelle,Sprite
Bordy,Coors Banquet
Bordy,Bud Ice
Bordy,Budweiser
Bordy,Michelob Ultra
Bordy,Mountain Dew
Bordy,Fanta (Grape)
Bordy,Dr. Pepper
Bordy,Chicken Burger
Konstanze,Blue Moon
Konstanze,Bud Ice
Konstanze,Dr. Pepper
Konstanze,Apple Pie
Adrien,Bud Ice
Adrien,Corona Extra
Adrien,Natural Ice
Adrien,Icehouse
Adrien,Coke
Adrien,Drop Biscuits 
Ashley,High Life
Ashley,Dos Equis 
Ashley,Icehouse
Ashley,Heineken 
Ashley,Pink Lemonade
Ashley,Drop Biscuits 
Ashley,Hominy Grits
Filippo,Modelo Especial
Filippo,Miller Lite
Filippo,Bud Light
Filippo,Cream Soda
Filippo,Pepsi
Filippo,Dr. Pepper
Richie,Corona Extra
Richie,Cream Soda
Richie,Apple Pie
Booth,Budweiser
Booth,Busch Light
Booth,Corona Extra
Booth,Modelo Especial
Booth,Natural Ice
Booth,Chicken Burger
Booth,Drop Biscuits 
Jackqueline,Dos Equis 
Jackqueline,Natural Light
Jackqueline,Dr. Pepper
Jackqueline,Pink Lemonade
Jackqueline,Fanta (Orange)
Jackqueline,Hominy Grits
Wilhelmine,Coors Light
Wilhelmine,Yuengling Lager
Wilhelmine,Coke
Devy,Pepsi
Devy,Pink Lemonade
Devy,Hominy Grits
Devy,Bean Burger
Portie,Natural Light
Portie,Coors Banquet
Portie,Mil's Best Ice
Portie,Busch Light
Portie,Sprite
Portie,Mountain Dew
Portie,Mozzarella Sticks
Portie,Fajita 
Portie,Clam Chowder
Miles,Icehouse
Miles,Tacos 
Miles,Chicken Fajita
Miles,Turkey Sandwich 
Miles,Cajun Fries
Essa,Miller Lite
Essa,Budweiser
Essa,Mil's Best Ice
Maxie,Miller Lite
Maxie,Steel Reserve
Maxie,Sprite
Maxie,Deep Dish Pizza Pie
Onfroi,Budweiser
Onfroi,Icehouse
Onfroi,Cream Soda
Onfroi,Fanta (Grape)
Onfroi,Dr. Pepper
Onfroi,Drop Biscuits 
Kerr,Bud Ice
Kerr,Budweiser
Kerr,Mountain Dew
Aldon,Icehouse
Aldon,Drop Biscuits 
Aldon,Chicken Fajita
Aldon,Tacos 
Anthe,Bud Ice
Anthe,Natural Ice
Anthe,Yuengling Lager
Anthe,Root Beer
Anthe,Sprite
Anthe,Mozzarella Sticks
Anthe,Tacos 
Millisent,Busch
Millisent,Natural Light
Millisent,Fanta (Grape)
Millisent,Pink Lemonade
Millisent,Root Beer
Millisent,Bean Burger
Millisent,Bagel and Lox
Millisent,Chicken Burger
Tanhya,High Life
Tanhya,Budweiser
Tanhya,Chicken Burger
Tanhya,Clam Chowder
Tanhya,Bagel and Lox
Tanhya,Turkey Sandwich 
Chaddy,Natural Light
Chaddy,Chips and Salsa
Irma,Mountain Dew
Irma,Cream Soda
Nanice,Bud Ice
Nanice,Pink Lemonade
Nanice,Pepsi
Nanice,Deep Dish Pizza Pie
Barbee,Coronoa Light
Barbee,High Life
Barbee,Root Beer
Sena,Natural Ice
Sena,Natural Light
Sena,Fanta (Grape)
Sena,Pepsi
Sena,Fanta (Orange)
Sena,Bean Burger
Clemens,Busch Light
Clemens,Budweiser
Clemens,Keystone Light
Clemens,Heineken 
Clemens,Coke
Clemens,Dr. Pepper
Silvano,Coke
Silvano,Mountain Dew
Silvano,Texas BBQ
Silvano,French Fries
Cammie,Bud Ice
Cammie,High Life
Cammie,Coors Banquet
Cammie,Modelo Especial
Cammie,Coke
Cammie,Fanta (Orange)
Cammie,Deep Dish Pizza Pie
Cammie,Deep Dish Pizza (Slice)
Patricia,High Life
Patricia,Cream Soda
Patricia,Fanta (Orange)
Patricia,Texas BBQ
Molly,Heineken 
Molly,Coors Light
Molly,Michelob Ultra
Molly,Bud Light
Molly,Coke
Molly,Fanta (Grape)
Molly,Cream Soda
Molly,Mozzarella Sticks
Molly,Cajun Fries
Valma,Coke
Valma,Mountain Dew
Valma,Tacos 
Valma,Texas BBQ
Valma,Cajun Fries
Jeramey,High Life
Jeramey,Keystone Light
Jeramey,Fajita 
Jeramey,Cajun Fries
Kath,Stella Artois
Kath,Modelo Especial
Kath,Michelob Ultra
Kath,Fanta (Grape)
Kath,Dr. Pepper
Kath,Bean Burger
Kath,Deep Dish Pizza Pie
Micah,Guinness
Micah,Natural Light
Micah,Coors Light
Micah,Heineken 
Micah,Miller Lite
Micah,Pepsi
Micah,Fanta (Grape)
Micah,Fajita 
Micah,Cajun Fries
Micah,Bean Burger
Micah,Hamburger
Coralyn,Mountain Dew
Coralyn,Chicken Burger
Coralyn,Deep Dish Pizza (Slice)
Coralyn,Apple Pie
Bryce,Budweiser
Bryce,Bud Ice
Bryce,Blue Moon
Bryce,Coors Banquet
Bryce,Dr. Pepper
Bryce,Pink Lemonade
Bryce,Chicken Fajita
Bryce,Turkey Sandwich 
Edgardo,Michelob Ultra
Edgardo,Guinness
Edgardo,Natural Light
Edgardo,Bud Ice
Edgardo,Pepsi
Edgardo,Mountain Dew
Edgardo,Cream Soda
Edgardo,Deep Dish Pizza (Slice)
Edgardo,Apple Pie
Edgardo,Fajita 
Gaynor,Coors Banquet
Gaynor,Michelob Ultra
Gaynor,Fanta (Grape)
Gaynor,Clam Chowder
Gaynor,Cajun Fries
Gaynor,Bagel and Lox
Dottie,Steel Reserve
Dottie,Pepsi
Dottie,Pink Lemonade
Dara,Coors Light
Dara,Miller Lite
Dara,Blue Ribbon
Dara,Yuengling Lager
Dara,Pepsi
Dara,Root Beer
Dara,Fajita 
Dara,Chips and Salsa
Bank,Coronoa Light
Bank,Stella Artois
Bank,Busch
Bank,Yuengling Lager
Bank,Cream Soda
Bank,Fanta (Grape)
Bank,Pepsi
Trefor,Mil's Best Ice
Trefor,Busch Light
Trefor,Dr. Pepper
Trefor,Pepsi
Trefor,Sprite
Trefor,Hominy Grits
Trefor,French Fries
Kerstin,Steel Reserve
Kerstin,Bud Light
Kerstin,Coke
Kerstin,Dr. Pepper
Kerstin,Fanta (Orange)
Kerstin,Tacos 
Kerstin,Apple Pie
Kerstin,Cajun Fries
Jenn,Blue Moon
Jenn,Yuengling Lager
Jenn,Onion Rings
Jenn,Hominy Grits
Jenn,Chicken Burger
Jenn,Tacos 
Karlee,Natural Ice
Karlee,Budweiser
Karlee,Icehouse
Karlee,Mountain Dew
Kat,Modelo Especial
Kat,Icehouse
Kat,Miller Lite
Kat,Coronoa Light
Kat,Steel Reserve
Kat,Dr. Pepper
Kat,Mountain Dew
Kat,Cream Soda
Kat,French Fries
Barby,Coronoa Light
Barby,Root Beer
Barby,Fanta (Grape)
Jackie,Guinness
Jackie,Bud Light
Jackie,Blue Moon
Jackie,Pink Lemonade
Jackie,Mountain Dew
Jackie,Fanta (Orange)
Jackie,Cajun Fries
Rand,Yuengling Lager
Rand,Coors Light
Rand,Pepsi
Rand,Cream Soda
Rand,Onion Rings
Chuck,Heineken 
Chuck,Coke
Chuck,Pink Lemonade
Chuck,Dr. Pepper
Chuck,Chicken Fajita
Chuck,Fajita 
Chuck,Bean Burger
Chuck,Texas BBQ
Robyn,Natural Light
Robyn,Corona Extra
Robyn,High Life
Robyn,Mountain Dew
Robyn,Tacos 
Valery,Bud Light
Valery,Coronoa Light
Valery,Bud Ice
Valery,Pepsi
Valery,Coke
Mitzi,Blue Ribbon
Mitzi,Mil's Best Ice
Mitzi,Coronoa Light
Mitzi,Root Beer
Mitzi,Fajita 
Adria,Blue Ribbon
Adria,Dos Equis 
Adria,Heineken 
Adria,Busch
Adria,Mozzarella Sticks
Adria,Apple Pie
Adria,Chicken Fajita
Griffy,Fanta (Orange)
Griffy,Chicken Burger
Griffy,Apple Pie
Griffy,Fajita 
Griffy,Mozzarella Sticks
Nicol,Yuengling Lager
Nicol,Keystone Light
Nicol,Michelob Ultra
Nicol,Texas BBQ
Nicol,Cajun Fries
Jolee,Busch Light
Jolee,Pepsi
Jolee,Mountain Dew
Jolee,Dr. Pepper
Jolee,Drop Biscuits 
Jolee,Chips and Salsa
Dede,Fanta (Grape)
Dede,Sprite
Dede,Hamburger
Dede,Clam Chowder
Celestine,Guinness
Celestine,Coors Light
Celestine,Keystone Light
Celestine,Blue Ribbon
Celestine,Fanta (Orange)
Celestine,Sprite
Celestine,Bagel and Lox
Celestine,Onion Rings
Pepito,Coronoa Light
Pepito,Bean Burger
Pepito,Chips and Salsa
Pepito,Chicken Burger
Lindsy,Cream Soda
Lindsy,Chicken Fajita
Darrick,Coronoa Light
Darrick,Clam Chowder
Kailey,Bud Light
Kailey,Coronoa Light
Kailey,Fanta (Orange)
Kailey,Cream Soda
Kailey,Texas BBQ
Kailey,Hamburger
Kailey,Onion Rings
Shurlocke,Michelob Ultra
Shurlocke,Root Beer
Shurlocke,Dr. Pepper
Shurlocke,Bean Burger
Shurlocke,Chicken Burger
Shurlocke,Hominy Grits
Emilee,Coronoa Light
Emilee,Guinness
Emilee,Coors Banquet
Emilee,Coke
Emilee,Cajun Fries
Peggi,Coors Light
Peggi,Miller Lite
Peggi,Steel Reserve
Peggi,Pepsi
Peggi,Coke
Peggi,Fajita 
Peggi,Chicken Burger
Peggi,Clam Chowder
Ase,Miller Lite
Ase,Modelo Especial
Ase,Corona Extra
Ase,High Life
Ase,Coors Banquet
Ase,Turkey Sandwich 
Bettye,Budweiser
Bettye,Blue Moon
Bettye,Busch
Bettye,Coors Light
Bettye,Pepsi
Bettye,Fanta (Orange)
Bettye,Hominy Grits
Bettye,Turkey Sandwich 
Bettye,Chicken Fajita
Sybille,Natural Light
Sybille,Heineken 
Sybille,Coronoa Light
Sybille,Root Beer
Sybille,Chicken Fajita
Sybille,Hominy Grits
Ronny,Coors Light
Karlen,Sprite
Karlen,Cajun Fries
Karlen,Chips and Salsa
Karlen,Hominy Grits
Karlen,Turkey Sandwich 
Isahella,Michelob Ultra
Isahella,Mozzarella Sticks
Isahella,Clam Chowder
Isahella,Fajita 
Isahella,Onion Rings
Keane,Icehouse
Keane,Apple Pie
Keane,Texas BBQ
Keane,Turkey Sandwich 
Keane,Tacos 
Ruthanne,Michelob Ultra
Ruthanne,Coronoa Light
Ruthanne,Bud Light
Ruthanne,Mil's Best Ice
Ruthanne,Blue Ribbon
Ruthanne,Fanta (Orange)
Ruthanne,Dr. Pepper
Ruthanne,Bagel and Lox
Ruthanne,Onion Rings
Ruthanne,Texas BBQ
Ruthanne,Hamburger
Tess,Corona Extra
Tess,Busch Light
Tess,Blue Ribbon
Tess,Mountain Dew
Tess,Cream Soda
Tess,Bagel and Lox
Berry,Miller Lite
Berry,Hamburger
Erwin,Blue Moon
Erwin,Coors Light
Erwin,Natural Ice
Erwin,Budweiser
Erwin,Keystone Light
Erwin,Mountain Dew
Erwin,Hominy Grits
Erwin,Chicken Fajita
Bary,Corona Extra
Bary,Natural Ice
Bary,Pepsi
Bary,Root Beer
Bary,Cajun Fries
Margaretha,Dos Equis 
Margaretha,Corona Extra
Margaretha,Bud Light
Margaretha,Coors Banquet
Margaretha,Guinness
Margaretha,Pink Lemonade
Margaretha,Pepsi
Margaretha,Onion Rings
Margaretha,French Fries
Margaretha,Deep Dish Pizza (Slice)
Valenka,Mil's Best Ice
Valenka,Miller Lite
Valenka,Sprite
Valenka,Pepsi
Valenka,Coke
Valenka,Onion Rings
Dyane,Blue Moon
Dyane,Dos Equis 
Dyane,Busch
Dyane,Pepsi
Dyane,Sprite
Dyane,Pink Lemonade
Dyane,Hominy Grits
Dyane,Cajun Fries
Vincents,High Life
Vincents,Yuengling Lager
Vincents,Blue Moon
Vincents,Clam Chowder
Vincents,Mozzarella Sticks
Vincents,Bagel and Lox
Stan,High Life
Stan,Mil's Best Ice
Stan,Natural Ice
Stan,Pepsi
Stan,Turkey Sandwich 
Stan,Chicken Burger
Stan,Chips and Salsa
Bondie,Guinness
Bondie,Modelo Especial
Bondie,Yuengling Lager
Bondie,Cream Soda
Bondie,Fanta (Orange)
Bondie,Bean Burger
Bondie,Texas BBQ
Bondie,Tacos 
Mallory,Stella Artois
Mallory,Icehouse
Mallory,Bud Light
Mallory,Chips and Salsa
Mallory,Texas BBQ
Mallory,Clam Chowder
Petronilla,Yuengling Lager
Petronilla,Guinness
Petronilla,Icehouse
Petronilla,Corona Extra
Petronilla,Blue Ribbon
Petronilla,Root Beer
Petronilla,Bean Burger
Petronilla,Onion Rings
Saunders,Busch Light
Saunders,Mountain Dew
Saunders,Fanta (Grape)
Saunders,Deep Dish Pizza Pie
