bar,hour
"VonRueden, Walker and Schroeder",Monday
"VonRueden, Walker and Schroeder",Tuesday
"VonRueden, Walker and Schroeder",Wednesday
"VonRueden, Walker and Schroeder",Thursday
"VonRueden, Walker and Schroeder",Friday
Ward-Weissnat,Monday
Ward-Weissnat,Tuesday
Ward-Weissnat,Wednesday
Ward-Weissnat,Thursday
Ward-Weissnat,Friday
Ward-Weissnat,Saturday
Ward-Weissnat,Sunday
Hyatt Group,Monday
Hyatt Group,Tuesday
Hyatt Group,Wednesday
Hyatt Group,Thursday
Hyatt Group,Friday
Hyatt Group,Saturday
Hyatt Group,Sunday
"Rippin, Zieme and Bosco",Monday
"Rippin, Zieme and Bosco",Tuesday
"Rippin, Zieme and Bosco",Wednesday
"Rippin, Zieme and Bosco",Thursday
"Rippin, Zieme and Bosco",Friday
"Rippin, Zieme and Bosco",Saturday
"Thompson, Parker and Schneider",Monday
"Thompson, Parker and Schneider",Tuesday
"Thompson, Parker and Schneider",Wednesday
"Thompson, Parker and Schneider",Thursday
"Thompson, Parker and Schneider",Friday
"Thompson, Parker and Schneider",Saturday
Frami LLC,Monday
Frami LLC,Tuesday
Frami LLC,Wednesday
Frami LLC,Thursday
Rodriguez-Carter,Monday
Rodriguez-Carter,Tuesday
Rodriguez-Carter,Wednesday
Rodriguez-Carter,Thursday
Rodriguez-Carter,Friday
Rodriguez-Carter,Saturday
Rodriguez-Carter,Sunday
"Bode, Kreiger and Abernathy",Monday
"Bode, Kreiger and Abernathy",Tuesday
"Bode, Kreiger and Abernathy",Wednesday
"Bode, Kreiger and Abernathy",Thursday
Rolfson Inc,Monday
Rolfson Inc,Tuesday
Rolfson Inc,Wednesday
Rolfson Inc,Thursday
Rolfson Inc,Friday
Rolfson Inc,Saturday
"Sipes, Mueller and Walker",Monday
"Sipes, Mueller and Walker",Tuesday
"Sipes, Mueller and Walker",Wednesday
"Sipes, Mueller and Walker",Thursday
"Sipes, Mueller and Walker",Friday
Dicki-Kuphal,Monday
Dicki-Kuphal,Tuesday
Dicki-Kuphal,Wednesday
Dicki-Kuphal,Thursday
Jakubowski-Hyatt,Monday
Jakubowski-Hyatt,Tuesday
Jakubowski-Hyatt,Wednesday
Jakubowski-Hyatt,Thursday
Jakubowski-Hyatt,Friday
Jakubowski-Hyatt,Saturday
Jakubowski-Hyatt,Sunday
"Ward, Bradtke and Heathcote",Monday
"Ward, Bradtke and Heathcote",Tuesday
"Ward, Bradtke and Heathcote",Wednesday
"Ward, Bradtke and Heathcote",Thursday
"Ward, Bradtke and Heathcote",Friday
"Ward, Bradtke and Heathcote",Saturday
"Boyle, Schowalter and McClure",Monday
"Boyle, Schowalter and McClure",Tuesday
"Boyle, Schowalter and McClure",Wednesday
"Boyle, Schowalter and McClure",Thursday
Mraz-Schmeler,Monday
Mraz-Schmeler,Tuesday
Mraz-Schmeler,Wednesday
Mraz-Schmeler,Thursday
Mraz-Schmeler,Friday
Klocko LLC,Monday
Klocko LLC,Tuesday
Klocko LLC,Wednesday
Klocko LLC,Thursday
Rohan-Sipes,Monday
Rohan-Sipes,Tuesday
Rohan-Sipes,Wednesday
Rohan-Sipes,Thursday
Rohan-Sipes,Friday
Rohan-Sipes,Saturday
Abshire-Mante,Monday
Abshire-Mante,Tuesday
Abshire-Mante,Wednesday
Abshire-Mante,Thursday
"Kutch, Connelly and Wiza",Monday
"Kutch, Connelly and Wiza",Tuesday
"Kutch, Connelly and Wiza",Wednesday
"Kutch, Connelly and Wiza",Thursday
"Kutch, Connelly and Wiza",Friday
"Kutch, Connelly and Wiza",Saturday
Windler LLC,Monday
Windler LLC,Tuesday
Windler LLC,Wednesday
Windler LLC,Thursday
Maggio-Crona,Monday
Maggio-Crona,Tuesday
Maggio-Crona,Wednesday
Maggio-Crona,Thursday
Maggio-Crona,Friday
Maggio-Crona,Saturday
Collier-Dicki,Monday
Collier-Dicki,Tuesday
Collier-Dicki,Wednesday
Collier-Dicki,Thursday
Collier-Dicki,Friday
"Hansen, Hodkiewicz and Kessler",Monday
"Hansen, Hodkiewicz and Kessler",Tuesday
"Hansen, Hodkiewicz and Kessler",Wednesday
"Hansen, Hodkiewicz and Kessler",Thursday
"Hansen, Hodkiewicz and Kessler",Friday
"Hansen, Hodkiewicz and Kessler",Saturday
Hermiston-Mayer,Monday
Hermiston-Mayer,Tuesday
Hermiston-Mayer,Wednesday
Hermiston-Mayer,Thursday
Hermiston-Mayer,Friday
Hermiston-Mayer,Saturday
Hodkiewicz Inc,Monday
Hodkiewicz Inc,Tuesday
Hodkiewicz Inc,Wednesday
Hodkiewicz Inc,Thursday
Hodkiewicz Inc,Friday
Hodkiewicz Inc,Saturday
"Hauck, Hettinger and Hills",Monday
"Hauck, Hettinger and Hills",Tuesday
"Hauck, Hettinger and Hills",Wednesday
"Hauck, Hettinger and Hills",Thursday
McLaughlin and Sons,Monday
McLaughlin and Sons,Tuesday
McLaughlin and Sons,Wednesday
McLaughlin and Sons,Thursday
Abshire Group,Monday
Abshire Group,Tuesday
Abshire Group,Wednesday
Abshire Group,Thursday
Abshire Group,Friday
Abshire Group,Saturday
Lubowitz and Sons,Monday
Lubowitz and Sons,Tuesday
Lubowitz and Sons,Wednesday
Lubowitz and Sons,Thursday
Lubowitz and Sons,Friday
Lubowitz and Sons,Saturday
Marks Group,Monday
Marks Group,Tuesday
Marks Group,Wednesday
Marks Group,Thursday
Marks Group,Friday
"Hahn, Weber and Nader",Monday
"Hahn, Weber and Nader",Tuesday
"Hahn, Weber and Nader",Wednesday
"Hahn, Weber and Nader",Thursday
"Hahn, Weber and Nader",Friday
"Hahn, Weber and Nader",Saturday
O'Kon-Barton,Monday
O'Kon-Barton,Tuesday
O'Kon-Barton,Wednesday
O'Kon-Barton,Thursday
O'Kon-Barton,Friday
O'Kon-Barton,Saturday
O'Kon-Barton,Sunday
Schneider-Cartwright,Monday
Schneider-Cartwright,Tuesday
Schneider-Cartwright,Wednesday
Schneider-Cartwright,Thursday
Hyatt Inc,Monday
Hyatt Inc,Tuesday
Hyatt Inc,Wednesday
Hyatt Inc,Thursday
"Schmitt, Stracke and Will",Monday
"Schmitt, Stracke and Will",Tuesday
"Schmitt, Stracke and Will",Wednesday
"Schmitt, Stracke and Will",Thursday
"Schmitt, Stracke and Will",Friday
"Schmitt, Stracke and Will",Saturday
Haley Group,Monday
Haley Group,Tuesday
Haley Group,Wednesday
Haley Group,Thursday
Haley Group,Friday
Haley Group,Saturday
Jenkins and Sons,Monday
Jenkins and Sons,Tuesday
Jenkins and Sons,Wednesday
Jenkins and Sons,Thursday
Jenkins and Sons,Friday
Jenkins and Sons,Saturday
Schinner LLC,Monday
Schinner LLC,Tuesday
Schinner LLC,Wednesday
Schinner LLC,Thursday
Schinner LLC,Friday
Schinner LLC,Saturday
Schinner LLC,Sunday
Hayes Group,Monday
Hayes Group,Tuesday
Hayes Group,Wednesday
Hayes Group,Thursday
Hayes Group,Friday
Hayes Group,Saturday
Hayes Group,Sunday
Leuschke Group,Monday
Leuschke Group,Tuesday
Leuschke Group,Wednesday
Leuschke Group,Thursday
Leuschke Group,Friday
Leuschke Group,Saturday
Klein-Ledner,Monday
Klein-Ledner,Tuesday
Klein-Ledner,Wednesday
Klein-Ledner,Thursday
"Schroeder, Davis and Leffler",Monday
"Schroeder, Davis and Leffler",Tuesday
"Schroeder, Davis and Leffler",Wednesday
"Schroeder, Davis and Leffler",Thursday
"Schroeder, Davis and Leffler",Friday
"Schroeder, Davis and Leffler",Saturday
"Schroeder, Davis and Leffler",Sunday
Schoen LLC,Monday
Schoen LLC,Tuesday
Schoen LLC,Wednesday
Schoen LLC,Thursday
Schoen LLC,Friday
Schoen LLC,Saturday
Schoen LLC,Sunday
"Renner, Schuster and Zboncak",Monday
"Renner, Schuster and Zboncak",Tuesday
"Renner, Schuster and Zboncak",Wednesday
"Renner, Schuster and Zboncak",Thursday
"Renner, Schuster and Zboncak",Friday
"Renner, Schuster and Zboncak",Saturday
Emmerich and Sons,Monday
Emmerich and Sons,Tuesday
Emmerich and Sons,Wednesday
Emmerich and Sons,Thursday
"Herzog, Littel and Kunze",Monday
"Herzog, Littel and Kunze",Tuesday
"Herzog, Littel and Kunze",Wednesday
"Herzog, Littel and Kunze",Thursday
"Herzog, Littel and Kunze",Friday
"Herzog, Littel and Kunze",Saturday
Morar-Harvey,Monday
Morar-Harvey,Tuesday
Morar-Harvey,Wednesday
Morar-Harvey,Thursday
Morar-Harvey,Friday
Morar-Harvey,Saturday
Gleason and Sons,Monday
Gleason and Sons,Tuesday
Gleason and Sons,Wednesday
Gleason and Sons,Thursday
Gleason and Sons,Friday
Green-Roberts,Monday
Green-Roberts,Tuesday
Green-Roberts,Wednesday
Green-Roberts,Thursday
"Streich, Mosciski and Huel",Monday
"Streich, Mosciski and Huel",Tuesday
"Streich, Mosciski and Huel",Wednesday
"Streich, Mosciski and Huel",Thursday
"Streich, Mosciski and Huel",Friday
"Streich, Mosciski and Huel",Saturday
Friesen Group,Monday
Friesen Group,Tuesday
Friesen Group,Wednesday
Friesen Group,Thursday
Friesen Group,Friday
Friesen Group,Saturday
Friesen Group,Sunday
"Fisher, Cassin and Hackett",Monday
"Fisher, Cassin and Hackett",Tuesday
"Fisher, Cassin and Hackett",Wednesday
"Fisher, Cassin and Hackett",Thursday
Hansen LLC,Monday
Hansen LLC,Tuesday
Hansen LLC,Wednesday
Hansen LLC,Thursday
Hansen LLC,Friday
Hansen LLC,Saturday
Volkman LLC,Monday
Volkman LLC,Tuesday
Volkman LLC,Wednesday
Volkman LLC,Thursday
Volkman LLC,Friday
Volkman LLC,Saturday
Pagac-Huels,Monday
Pagac-Huels,Tuesday
Pagac-Huels,Wednesday
Pagac-Huels,Thursday
Pagac-Huels,Friday
Pagac-Huels,Saturday
Pagac-Huels,Sunday
"Heathcote, Hoppe and Koss",Monday
"Heathcote, Hoppe and Koss",Tuesday
"Heathcote, Hoppe and Koss",Wednesday
"Heathcote, Hoppe and Koss",Thursday
"Heathcote, Hoppe and Koss",Friday
Robel-Rutherford,Monday
Robel-Rutherford,Tuesday
Robel-Rutherford,Wednesday
Robel-Rutherford,Thursday
Robel-Rutherford,Friday
Robel-Rutherford,Saturday
"Spencer, Jerde and Predovic",Monday
"Spencer, Jerde and Predovic",Tuesday
"Spencer, Jerde and Predovic",Wednesday
"Spencer, Jerde and Predovic",Thursday
"Fay, Gottlieb and Schuppe",Monday
"Fay, Gottlieb and Schuppe",Tuesday
"Fay, Gottlieb and Schuppe",Wednesday
"Fay, Gottlieb and Schuppe",Thursday
"Fay, Gottlieb and Schuppe",Friday
Langosh Group,Monday
Langosh Group,Tuesday
Langosh Group,Wednesday
Langosh Group,Thursday
Renner Group,Monday
Renner Group,Tuesday
Renner Group,Wednesday
Renner Group,Thursday
Renner Group,Friday
Renner Group,Saturday
"Towne, Nikolaus and Thiel",Monday
"Towne, Nikolaus and Thiel",Tuesday
"Towne, Nikolaus and Thiel",Wednesday
"Towne, Nikolaus and Thiel",Thursday
"Towne, Nikolaus and Thiel",Friday
"Towne, Nikolaus and Thiel",Saturday
"Towne, Nikolaus and Thiel",Sunday
Wyman and Sons,Monday
Wyman and Sons,Tuesday
Wyman and Sons,Wednesday
Wyman and Sons,Thursday
Wyman and Sons,Friday
"Cassin, Feil and Schmitt",Monday
"Cassin, Feil and Schmitt",Tuesday
"Cassin, Feil and Schmitt",Wednesday
"Cassin, Feil and Schmitt",Thursday
"Cassin, Feil and Schmitt",Friday
"Cassin, Feil and Schmitt",Saturday
"Cole, Larson and Weber",Monday
"Cole, Larson and Weber",Tuesday
"Cole, Larson and Weber",Wednesday
"Cole, Larson and Weber",Thursday
"Cole, Larson and Weber",Friday
"Cole, Larson and Weber",Saturday
Cronin and Sons,Monday
Cronin and Sons,Tuesday
Cronin and Sons,Wednesday
Cronin and Sons,Thursday
Cronin and Sons,Friday
Cronin and Sons,Saturday
Cronin and Sons,Sunday
Pouros-Rohan,Monday
Pouros-Rohan,Tuesday
Pouros-Rohan,Wednesday
Pouros-Rohan,Thursday
Pouros-Rohan,Friday
Pouros-Rohan,Saturday
Romaguera-Rau,Monday
Romaguera-Rau,Tuesday
Romaguera-Rau,Wednesday
Romaguera-Rau,Thursday
Romaguera-Rau,Friday
"Keeling, Okuneva and Rippin",Monday
"Keeling, Okuneva and Rippin",Tuesday
"Keeling, Okuneva and Rippin",Wednesday
"Keeling, Okuneva and Rippin",Thursday
Rutherford LLC,Monday
Rutherford LLC,Tuesday
Rutherford LLC,Wednesday
Rutherford LLC,Thursday
Rutherford LLC,Friday
Rutherford LLC,Saturday
Rutherford LLC,Sunday
Bailey Inc,Monday
Bailey Inc,Tuesday
Bailey Inc,Wednesday
Bailey Inc,Thursday
Bailey Inc,Friday
"Heller, Ortiz and Kovacek",Monday
"Heller, Ortiz and Kovacek",Tuesday
"Heller, Ortiz and Kovacek",Wednesday
"Heller, Ortiz and Kovacek",Thursday
"Heller, Ortiz and Kovacek",Friday
Walsh and Sons,Monday
Walsh and Sons,Tuesday
Walsh and Sons,Wednesday
Walsh and Sons,Thursday
Walsh and Sons,Friday
Walsh and Sons,Saturday
Walsh and Sons,Sunday
Metz-Kozey,Monday
Metz-Kozey,Tuesday
Metz-Kozey,Wednesday
Metz-Kozey,Thursday
Metz-Kozey,Friday
Batz Group,Monday
Batz Group,Tuesday
Batz Group,Wednesday
Batz Group,Thursday
